product_id,product_category,sales,price,units_sold,vendor_id,pet_size,pet_type,rating,re_buy
5037,Equipment,157000,0.35,448571,VC_1602,medium,bird,7,1
4755,Food,157000,2.35,66809,VC_1320,medium,cat,7,1
4348,Medicine,123000,2.09,58852,VC_913,medium,dog,1,0
5008,Snack,127000,2.28,55702,VC_1573,small,fish,6,0
4759,Medicine,72000,1.30,55385,VC_1324,medium,cat,7,0
4932,Equipment,213000,4.03,52854,VC_1497,small,dog,6,0
4520,Clothes,141000,3.33,42342,VC_1085,extra_small,dog,4,1
4500,Housing,177000,4.76,37185,VC_1065,extra_small,dog,8,1
4372,Grooming,227000,6.24,36378,VC_937,small,dog,9,0
4974,Equipment,125000,4.59,27233,VC_1539,small,fish,6,0
4390,Housing,120000,4.41,27211,VC_955,extra_small,dog,5,1
4954,Snack,94000,3.90,24103,VC_1519,small,dog,6,0
4949,Toys,217000,10.28,21109,VC_1514,medium,cat,6,0
4540,Snack,177000,8.97,19732,VC_1105,extra_small,dog,10,1
4991,Toys,118000,6.27,18820,VC_1556,medium,bird,6,0
4472,Accessory,28000,1.52,18421,VC_1037,small,dog,4,0
4446,Toys,96000,5.98,16054,VC_1011,extra_large,dog,9,0
4743,Food,63000,3.96,15909,VC_1308,medium,cat,7,0
4711,Medicine,195000,12.54,15550,VC_1276,medium,cat,10,0
4587,Bedding,202000,13.29,15199,VC_1152,small,cat,10,1
5030,Toys,133000,8.84,15045,VC_1595,small,fish,6,1
4519,Equipment,166000,11.15,14888,VC_1084,large,cat,8,0
4620,Bedding,199000,13.51,14730,VC_1185,extra_small,dog,10,1
5009,Toys,174000,12.05,14440,VC_1574,medium,bird,6,0
4956,Equipment,173000,12.28,14088,VC_1521,small,dog,6,0
4842,Equipment,199000,14.55,13677,VC_1407,small,dog,1,1
4892,Toys,224000,17.16,13054,VC_1457,small,dog,6,0
4205,Medicine,156000,12.05,12946,VC_770,extra_small,fish,1,0
4209,Food,192000,14.99,12809,VC_774,large,cat,6,0
4484,Food,95000,7.58,12533,VC_1049,large,dog,1,0
4594,Food,143000,11.45,12489,VC_1159,large,dog,10,0
4340,Accessory,229000,18.51,12372,VC_905,extra_small,dog,6,0
4505,Accessory,109000,8.98,12138,VC_1070,extra_small,cat,10,0
4987,Snack,222000,18.36,12092,VC_1552,medium,bird,6,0
4970,Toys,175000,14.69,11913,VC_1535,small,fish,6,0
4648,Accessory,230000,19.36,11880,VC_1213,medium,dog,10,0
4341,Food,126000,10.92,11538,VC_906,extra_large,cat,5,1
4860,Equipment,191000,17.46,10939,VC_1425,small,dog,1,1
4522,Housing,193000,18.12,10651,VC_1087,small,dog,9,1
4792,Snack,217000,20.97,10348,VC_1357,small,dog,7,0
4583,Food,228000,22.16,10289,VC_1148,medium,cat,10,1
4218,Grooming,152000,14.96,10160,VC_783,medium,bird,3,0
5005,Snack,197000,19.72,9990,VC_1570,medium,bird,6,0
4242,Food,142000,14.42,9847,VC_807,small,bird,3,1
4668,Supplements,214000,23.50,9106,VC_1233,medium,dog,10,0
4939,Snack,143000,16.00,8938,VC_1504,medium,cat,6,0
4410,Clothes,195000,22.11,8820,VC_975,extra_small,dog,7,0
4931,Toys,226000,25.80,8760,VC_1496,medium,cat,6,0
4608,Clothes,56000,6.49,8629,VC_1173,medium,dog,10,1
4271,Medicine,188000,22.01,8542,VC_836,extra_large,fish,4,1
4427,Grooming,101000,12.27,8231,VC_992,small,cat,2,0
4461,Accessory,47000,5.89,7980,VC_1026,extra_large,cat,2,0
4779,Equipment,172000,21.75,7908,VC_1344,medium,cat,7,0
4482,Grooming,210000,26.68,7871,VC_1047,small,dog,4,1
4797,Equipment,189000,24.10,7842,VC_1362,medium,cat,7,1
4639,Snack,178000,24.09,7389,VC_1204,large,cat,10,1
5017,Snack,146000,20.15,7246,VC_1582,medium,bird,6,1
5010,Equipment,224000,31.47,7118,VC_1575,small,fish,6,0
4920,Equipment,89000,12.56,7086,VC_1485,small,dog,6,0
4721,Supplements,145000,20.64,7025,VC_1286,medium,cat,10,0
4489,Housing,36000,5.24,6870,VC_1054,large,cat,9,1
4689,Food,199000,31.10,6399,VC_1254,large,cat,10,1
4899,Equipment,184000,29.37,6265,VC_1464,medium,cat,6,0
4819,Snack,181000,28.90,6263,VC_1384,medium,cat,2,1
4925,Toys,189000,30.26,6246,VC_1490,medium,cat,6,0
4661,Snack,104000,16.85,6172,VC_1226,extra_large,cat,10,1
4731,Food,213000,36.31,5866,VC_1296,medium,cat,7,1
4491,Medicine,151000,26.51,5696,VC_1056,extra_large,cat,5,0
4751,Supplements,68000,11.97,5681,VC_1316,medium,cat,7,1
4527,Accessory,82000,14.90,5503,VC_1092,small,cat,9,0
4715,Supplements,196000,37.13,5279,VC_1280,medium,cat,10,0
4618,Equipment,185000,35.10,5271,VC_1183,medium,dog,10,0
4663,Clothes,224000,43.90,5103,VC_1228,medium,cat,10,1
4777,Snack,229000,45.23,5063,VC_1342,medium,cat,7,0
4962,Equipment,134000,26.47,5062,VC_1527,small,fish,6,0
4217,Supplements,177000,36.11,4902,VC_782,small,fish,6,1
4411,Bedding,162000,33.44,4844,VC_976,extra_large,cat,2,1
4745,Supplements,197000,41.51,4746,VC_1310,medium,cat,7,0
4700,Supplements,217000,46.22,4695,VC_1265,extra_small,dog,10,1
4568,Medicine,151000,32.23,4685,VC_1133,medium,dog,10,0
4495,Food,159000,36.02,4414,VC_1060,extra_small,cat,4,0
4465,Clothes,40000,9.20,4348,VC_1030,extra_small,cat,5,1
4352,Food,192000,44.50,4315,VC_917,small,dog,8,0
4368,Housing,110000,25.77,4269,VC_933,medium,dog,3,0
4824,Equipment,135000,31.72,4256,VC_1389,small,dog,2,1
4490,Toys,204000,48.07,4244,VC_1055,extra_small,dog,3,0
4420,Equipment,95000,22.68,4189,VC_985,extra_small,dog,2,1
4877,Toys,194000,46.92,4135,VC_1442,medium,cat,6,0
4861,Snack,65000,15.82,4109,VC_1426,medium,cat,1,1
4798,Snack,160000,40.09,3991,VC_1363,small,dog,7,0
4545,Toys,202000,50.93,3966,VC_1110,extra_small,cat,10,0
4332,Equipment,203000,52.03,3902,VC_897,small,dog,9,1
4414,Medicine,206000,52.82,3900,VC_979,large,dog,3,0
4698,Food,130000,33.72,3855,VC_1263,medium,dog,10,1
5014,Snack,111000,28.85,3847,VC_1579,small,fish,6,1
4452,Snack,138000,36.17,3815,VC_1017,small,dog,3,1
4771,Snack,93000,24.43,3807,VC_1336,medium,cat,7,0
4518,Snack,61000,16.17,3772,VC_1083,medium,dog,9,1
4514,Supplements,120000,31.86,3766,VC_1079,large,dog,8,0
4361,Grooming,203000,53.98,3761,VC_926,extra_large,cat,7,0
4770,Equipment,92000,25.00,3680,VC_1335,small,dog,7,1
4304,Medicine,177000,48.10,3680,VC_869,large,dog,2,1
4723,Medicine,229000,62.65,3655,VC_1288,medium,cat,10,0
4788,Equipment,98000,27.08,3619,VC_1353,small,dog,7,1
4748,Supplements,100000,27.88,3587,VC_1313,small,dog,7,0
4609,Bedding,183000,51.60,3547,VC_1174,large,cat,10,0
4399,Clothes,219000,61.80,3544,VC_964,large,cat,10,0
4726,Medicine,171000,49.11,3482,VC_1291,small,dog,10,1
4202,Bedding,170000,48.96,3472,VC_767,small,dog,7,0
4430,Snack,229000,66.40,3449,VC_995,extra_small,dog,6,1
4774,Snack,181000,52.53,3446,VC_1339,small,dog,7,0
4235,Bedding,180000,52.38,3436,VC_800,extra_small,fish,10,0
4863,Equipment,75000,21.83,3436,VC_1428,medium,cat,6,1
4897,Snack,197000,59.22,3327,VC_1462,medium,cat,6,0
4752,Food,116000,35.14,3301,VC_1317,small,dog,7,0
4293,Medicine,66000,20.10,3284,VC_858,medium,cat,8,1
4460,Grooming,200000,61.07,3275,VC_1025,extra_small,dog,3,1
4644,Toys,217000,66.30,3273,VC_1209,large,dog,10,0
4907,Toys,97000,29.70,3266,VC_1472,medium,cat,6,0
4980,Equipment,126000,38.77,3250,VC_1545,small,fish,6,0
4319,Food,192000,60.11,3194,VC_884,large,cat,3,0
4621,Housing,181000,56.88,3182,VC_1186,extra_large,cat,10,1
4418,Food,88000,27.66,3181,VC_983,medium,dog,10,1
4591,Supplements,167000,53.57,3117,VC_1156,extra_large,cat,10,1
4367,Bedding,62000,20.27,3059,VC_932,small,cat,7,0
4599,Housing,230000,75.45,3048,VC_1164,large,cat,10,1
4421,Clothes,198000,65.57,3020,VC_986,extra_large,cat,9,0
4565,Bedding,85000,28.46,2987,VC_1130,extra_small,cat,10,1
4801,Snack,175000,58.82,2975,VC_1366,medium,cat,7,1
4483,Accessory,137000,46.06,2974,VC_1048,medium,cat,6,1
4329,Accessory,143000,48.40,2955,VC_894,large,cat,6,1
4958,Toys,121000,41.04,2948,VC_1523,small,fish,6,0
4497,Equipment,186000,63.30,2938,VC_1062,small,cat,7,0
4511,Housing,31000,10.65,2911,VC_1076,extra_large,cat,2,0
4564,Clothes,195000,67.52,2888,VC_1129,large,dog,10,1
4474,Snack,176000,62.48,2817,VC_1039,large,dog,7,0
4197,Accessory,90000,32.43,2775,VC_762,small,cat,8,1
4702,Medicine,142000,51.58,2753,VC_1267,small,dog,10,1
4895,Toys,140000,51.18,2735,VC_1460,medium,cat,6,0
4795,Snack,16000,5.85,2735,VC_1360,medium,cat,7,1
4208,Accessory,218000,79.99,2725,VC_773,medium,dog,1,1
4739,Supplements,75000,27.66,2711,VC_1304,medium,cat,7,0
4809,Equipment,202000,74.85,2699,VC_1374,medium,cat,2,1
4816,Snack,189000,70.90,2666,VC_1381,small,dog,2,1
4338,Supplements,163000,62.45,2610,VC_903,medium,dog,10,0
4175,Accessory,83000,31.93,2599,VC_740,extra_small,fish,7,0
4537,Grooming,61000,23.70,2574,VC_1102,small,cat,6,0
4475,Equipment,201000,78.13,2573,VC_1040,extra_small,cat,5,1
4902,Equipment,70000,27.30,2564,VC_1467,small,dog,6,0
4829,Toys,177000,69.61,2543,VC_1394,medium,cat,2,1
4476,Clothes,188000,76.04,2472,VC_1041,extra_large,dog,9,1
4977,Equipment,134000,54.74,2448,VC_1542,medium,bird,6,0
4459,Supplements,126000,51.74,2435,VC_1024,large,cat,6,1
4754,Supplements,202000,83.02,2433,VC_1319,small,dog,7,0
4576,Bedding,188000,77.54,2425,VC_1141,extra_large,dog,10,0
4477,Bedding,202000,84.03,2404,VC_1042,small,cat,6,1
4473,Food,110000,45.94,2394,VC_1038,medium,cat,5,0
4948,Snack,221000,94.25,2345,VC_1513,small,dog,6,0
4638,Food,148000,63.67,2324,VC_1203,medium,dog,10,0
4447,Medicine,184000,79.34,2319,VC_1012,small,cat,5,0
4553,Clothes,110000,47.52,2315,VC_1118,medium,cat,10,1
4602,Supplements,142000,61.39,2313,VC_1167,small,dog,10,1
4744,Medicine,56000,24.27,2307,VC_1309,small,dog,7,1
4200,Equipment,151000,65.79,2295,VC_765,extra_small,bird,1,1
4512,Toys,219000,95.55,2292,VC_1077,small,dog,1,0
4400,Bedding,129000,56.48,2284,VC_965,extra_small,dog,8,1
4451,Food,139000,61.39,2264,VC_1016,extra_large,cat,2,1
4911,Equipment,61000,26.95,2263,VC_1476,medium,cat,6,0
4345,Bedding,93000,41.18,2258,VC_910,extra_small,cat,1,0
4438,Grooming,76000,34.37,2211,VC_1003,medium,dog,7,0
4652,Clothes,214000,96.99,2206,VC_1217,small,dog,10,0
4929,Equipment,128000,58.25,2197,VC_1494,medium,cat,6,0
4593,Accessory,179000,81.48,2197,VC_1158,medium,cat,10,0
4321,Equipment,227000,105.35,2155,VC_886,extra_large,cat,5,0
4295,Grooming,138000,64.71,2133,VC_860,extra_small,fish,1,0
5035,Snack,198000,94.29,2100,VC_1600,medium,bird,7,1
4953,Equipment,46000,21.92,2099,VC_1518,medium,cat,6,0
4778,Toys,103000,49.54,2079,VC_1343,small,dog,7,0
4885,Snack,116000,55.90,2075,VC_1450,medium,cat,6,0
4852,Snack,30000,14.53,2065,VC_1417,small,dog,1,1
4561,Food,224000,108.64,2062,VC_1126,extra_large,cat,10,1
4310,Equipment,105000,51.28,2048,VC_875,extra_small,dog,9,1
4507,Snack,223000,108.93,2047,VC_1072,small,cat,2,0
4409,Equipment,209000,103.96,2010,VC_974,large,cat,1,1
4794,Equipment,96000,47.85,2006,VC_1359,small,dog,7,1
4214,Housing,172000,86.27,1994,VC_779,large,dog,6,0
4354,Equipment,212000,107.16,1978,VC_919,large,dog,7,0
4800,Equipment,112000,56.71,1975,VC_1365,small,dog,7,1
4703,Supplements,87000,44.37,1961,VC_1268,medium,cat,10,1
4603,Grooming,100000,51.34,1948,VC_1168,medium,cat,10,1
5032,Snack,132000,67.91,1944,VC_1597,small,fish,6,1
4966,Snack,137000,70.95,1931,VC_1531,small,fish,6,0
4858,Snack,166000,86.09,1928,VC_1423,small,dog,1,1
4529,Snack,58000,30.17,1922,VC_1094,large,cat,8,0
4645,Medicine,201000,105.38,1907,VC_1210,extra_small,cat,10,0
4280,Housing,64000,33.62,1904,VC_845,extra_small,dog,7,0
4203,Housing,194000,103.70,1871,VC_768,medium,cat,9,1
4927,Snack,114000,61.09,1866,VC_1492,medium,cat,6,0
4466,Bedding,87000,46.98,1852,VC_1031,extra_large,dog,1,1
4469,Medicine,88000,48.04,1832,VC_1034,large,cat,1,0
4422,Bedding,194000,107.26,1809,VC_987,small,dog,2,1
4536,Supplements,140000,77.41,1809,VC_1101,extra_large,dog,1,0
4785,Equipment,142000,78.56,1808,VC_1350,medium,cat,7,1
4826,Toys,162000,90.84,1783,VC_1391,small,dog,2,1
4470,Supplements,186000,104.84,1774,VC_1035,extra_small,dog,2,1
4828,Snack,34000,19.23,1768,VC_1393,small,dog,2,1
4793,Toys,26000,14.81,1756,VC_1358,medium,cat,7,1
4837,Snack,25000,14.25,1754,VC_1402,medium,cat,2,1
4544,Housing,77000,44.52,1730,VC_1109,large,dog,10,0
5029,Snack,181000,105.10,1722,VC_1594,medium,bird,6,1
4982,Toys,207000,120.35,1720,VC_1547,small,fish,6,0
4370,Medicine,147000,85.60,1717,VC_935,extra_small,dog,1,1
4281,Toys,29000,16.99,1707,VC_846,extra_large,cat,9,0
4943,Toys,124000,72.85,1702,VC_1508,medium,cat,6,0
4571,Accessory,201000,118.44,1697,VC_1136,extra_large,cat,10,1
4699,Medicine,173000,102.06,1695,VC_1264,large,cat,10,0
4786,Snack,149000,88.15,1690,VC_1351,small,dog,7,1
4541,Equipment,185000,109.45,1690,VC_1106,extra_large,cat,10,0
4827,Equipment,207000,122.51,1690,VC_1392,medium,cat,2,1
5015,Toys,59000,35.06,1683,VC_1580,medium,bird,6,1
4716,Food,99000,58.90,1681,VC_1281,small,dog,10,0
4686,Food,181000,108.46,1669,VC_1251,extra_large,dog,10,1
4653,Bedding,223000,133.84,1666,VC_1218,medium,cat,10,1
5026,Snack,77000,46.32,1662,VC_1591,small,fish,6,1
4983,Equipment,180000,109.93,1637,VC_1548,medium,bird,6,0
4343,Equipment,212000,129.84,1633,VC_908,medium,cat,10,1
4973,Toys,196000,120.26,1630,VC_1538,medium,bird,6,0
4676,Housing,205000,126.13,1625,VC_1241,extra_large,dog,10,0
4428,Accessory,140000,86.16,1625,VC_993,medium,dog,8,0
4524,Medicine,154000,95.29,1616,VC_1089,large,dog,5,0
4559,Grooming,175000,108.71,1610,VC_1124,large,cat,10,0
4335,Housing,153000,95.52,1602,VC_900,extra_small,cat,4,0
4574,Equipment,200000,125.37,1595,VC_1139,large,dog,10,1
4581,Grooming,188000,118.05,1593,VC_1146,extra_large,cat,10,0
4775,Toys,172000,108.10,1591,VC_1340,medium,cat,7,0
4196,Grooming,121000,76.50,1582,VC_761,extra_large,dog,1,1
4392,Medicine,149000,94.22,1581,VC_957,small,dog,4,1
4781,Toys,172000,108.77,1581,VC_1346,medium,cat,7,0
4375,Snack,117000,74.19,1577,VC_940,extra_small,cat,1,0
4830,Equipment,140000,88.93,1574,VC_1395,small,dog,2,1
4349,Supplements,189000,120.24,1572,VC_914,large,cat,5,0
4888,Snack,142000,91.05,1560,VC_1453,small,dog,6,0
4406,Accessory,200000,128.47,1557,VC_971,extra_large,dog,6,0
4402,Toys,19000,12.22,1555,VC_967,small,dog,8,0
4434,Housing,170000,109.80,1548,VC_999,large,dog,2,1
4528,Food,126000,81.68,1543,VC_1093,medium,dog,7,0
4709,Supplements,152000,99.05,1535,VC_1274,medium,cat,10,0
4604,Accessory,193000,125.79,1534,VC_1169,large,dog,10,0
4616,Food,113000,73.66,1534,VC_1181,extra_large,dog,10,1
4994,Toys,109000,71.37,1527,VC_1559,small,fish,6,0
4328,Grooming,109000,71.42,1526,VC_893,medium,dog,4,0
4975,Snack,191000,125.15,1526,VC_1540,medium,bird,6,0
4951,Snack,190000,124.53,1526,VC_1516,medium,cat,6,0
4384,Accessory,204000,134.00,1522,VC_949,large,dog,1,1
4339,Grooming,221000,145.40,1520,VC_904,large,cat,1,1
4398,Equipment,187000,123.36,1516,VC_963,medium,dog,1,1
4961,Toys,62000,41.34,1500,VC_1526,medium,bird,6,0
5042,Toys,176000,118.42,1486,VC_1607,small,fish,7,1
4315,Medicine,207000,139.49,1484,VC_880,extra_small,cat,2,0
4916,Toys,96000,64.99,1477,VC_1481,small,dog,6,0
4607,Equipment,177000,121.06,1462,VC_1172,small,cat,10,1
4619,Clothes,195000,134.60,1449,VC_1184,large,cat,10,0
4245,Clothes,31000,21.45,1445,VC_810,extra_small,cat,6,0
4614,Grooming,185000,128.15,1444,VC_1179,large,dog,10,1
4844,Toys,173000,120.32,1438,VC_1409,small,dog,1,1
4355,Clothes,221000,154.05,1435,VC_920,extra_small,cat,10,0
4543,Bedding,101000,72.08,1401,VC_1108,medium,cat,10,1
4453,Equipment,188000,134.41,1399,VC_1018,medium,cat,5,0
4450,Accessory,81000,57.97,1397,VC_1015,extra_small,dog,2,1
4254,Snack,114000,81.96,1391,VC_819,large,bird,10,0
4182,Toys,70000,50.40,1389,VC_747,small,bird,6,0
4875,Equipment,118000,85.71,1377,VC_1440,medium,cat,6,0
4247,Housing,160000,116.60,1372,VC_812,small,fish,6,1
4936,Snack,122000,88.98,1371,VC_1501,small,dog,6,0
4442,Equipment,150000,109.68,1368,VC_1007,small,dog,4,0
5027,Toys,41000,30.06,1364,VC_1592,medium,bird,6,1
4998,Equipment,200000,146.67,1364,VC_1563,small,fish,6,0
4172,Medicine,210000,154.05,1363,VC_737,small,dog,5,0
4362,Accessory,229000,168.49,1359,VC_927,small,dog,2,1
4724,Supplements,222000,164.45,1350,VC_1289,small,dog,10,0
4299,Equipment,77000,57.20,1346,VC_864,large,cat,10,1
4570,Grooming,181000,134.95,1341,VC_1135,extra_small,dog,10,0
4178,Equipment,120000,89.65,1339,VC_743,medium,dog,4,1
4407,Food,177000,133.57,1325,VC_972,small,cat,3,1
4678,Medicine,131000,98.89,1325,VC_1243,medium,dog,10,1
4586,Clothes,208000,158.00,1316,VC_1151,extra_large,dog,10,0
4185,Grooming,109000,82.81,1316,VC_750,extra_small,cat,3,1
4654,Housing,211000,161.38,1307,VC_1219,large,dog,10,1
4408,Snack,143000,109.55,1305,VC_973,medium,dog,5,0
4917,Equipment,74000,56.81,1303,VC_1482,medium,cat,6,0
5040,Equipment,123000,94.81,1297,VC_1605,small,fish,7,1
4940,Toys,219000,169.73,1290,VC_1505,small,dog,6,0
4397,Snack,201000,156.14,1287,VC_962,small,cat,9,0
4311,Clothes,180000,140.66,1280,VC_876,extra_large,cat,9,1
4432,Clothes,137000,107.35,1276,VC_997,small,dog,10,0
4733,Supplements,82000,64.32,1275,VC_1298,medium,cat,7,0
4569,Supplements,190000,149.34,1272,VC_1134,large,cat,10,0
4617,Snack,204000,160.41,1272,VC_1182,small,cat,10,0
4914,Equipment,145000,114.35,1268,VC_1479,small,dog,6,0
4705,Medicine,99000,78.18,1266,VC_1270,extra_small,cat,10,0
4585,Equipment,107000,84.67,1264,VC_1150,extra_small,cat,10,1
4502,Medicine,135000,107.02,1261,VC_1067,small,dog,1,1
4637,Accessory,217000,172.51,1258,VC_1202,small,cat,10,1
4578,Toys,208000,165.62,1256,VC_1143,medium,dog,10,1
4997,Toys,220000,176.38,1247,VC_1562,medium,bird,6,0
4865,Toys,223000,178.88,1247,VC_1430,medium,cat,6,1
4990,Snack,221000,178.19,1240,VC_1555,small,fish,6,0
4756,Medicine,170000,137.53,1236,VC_1321,small,dog,7,0
4625,Grooming,185000,150.23,1231,VC_1190,extra_small,cat,10,1
4851,Equipment,63000,51.36,1227,VC_1416,medium,cat,1,1
4538,Accessory,50000,40.79,1226,VC_1103,medium,dog,4,1
4624,Supplements,70000,57.16,1225,VC_1189,large,dog,10,0
5024,Toys,218000,178.31,1223,VC_1589,small,fish,6,1
4913,Toys,213000,174.23,1223,VC_1478,medium,cat,6,0
4504,Grooming,96000,78.78,1219,VC_1069,large,dog,6,0
4510,Bedding,211000,173.95,1213,VC_1075,extra_small,dog,9,1
4389,Bedding,205000,170.01,1206,VC_954,large,cat,9,0
4342,Snack,179000,149.16,1200,VC_907,small,dog,5,1
4749,Food,229000,192.15,1192,VC_1314,medium,cat,7,1
4256,Clothes,46000,38.95,1181,VC_821,extra_large,dog,8,1
4706,Supplements,17000,14.44,1177,VC_1271,small,dog,10,0
4684,Medicine,87000,73.96,1176,VC_1249,large,dog,10,0
4272,Supplements,191000,163.07,1171,VC_837,small,bird,5,0
4388,Clothes,189000,161.54,1170,VC_953,medium,dog,2,0
4915,Snack,163000,139.33,1170,VC_1480,medium,cat,6,0
4938,Equipment,162000,138.68,1168,VC_1503,small,dog,6,0
5013,Equipment,223000,191.52,1164,VC_1578,medium,bird,6,0
4223,Clothes,193000,165.78,1164,VC_788,medium,fish,3,0
4448,Supplements,218000,188.21,1158,VC_1013,medium,dog,10,0
4659,Accessory,208000,179.87,1156,VC_1224,large,cat,10,1
4440,Food,81000,70.13,1155,VC_1005,extra_small,dog,6,0
4912,Snack,177000,153.88,1150,VC_1477,small,dog,6,0
4843,Snack,130000,113.44,1146,VC_1408,medium,cat,1,1
4471,Grooming,216000,189.11,1142,VC_1036,extra_large,cat,9,0
4215,Toys,178000,156.32,1139,VC_780,extra_small,cat,3,1
5018,Toys,148000,130.21,1137,VC_1583,small,fish,6,1
4942,Snack,22000,19.36,1136,VC_1507,small,dog,6,0
4274,Accessory,218000,192.39,1133,VC_839,large,dog,8,0
4498,Clothes,151000,133.34,1132,VC_1063,medium,dog,4,1
4322,Clothes,161000,142.28,1132,VC_887,small,dog,4,0
4675,Bedding,159000,141.41,1124,VC_1240,extra_small,cat,10,0
4286,Food,211000,187.85,1123,VC_851,extra_large,dog,6,0
4874,Toys,45000,40.31,1116,VC_1439,small,dog,6,0
4549,Accessory,184000,165.35,1113,VC_1114,large,cat,10,1
4750,Medicine,111000,100.49,1105,VC_1315,small,dog,7,1
4531,Clothes,88000,80.11,1098,VC_1096,extra_large,cat,7,1
4486,Equipment,195000,177.88,1096,VC_1051,extra_large,dog,8,0
4799,Toys,184000,169.29,1087,VC_1364,medium,cat,7,1
4627,Food,230000,211.91,1085,VC_1192,small,cat,10,0
4613,Supplements,186000,171.60,1084,VC_1178,medium,cat,10,1
4580,Supplements,198000,182.83,1083,VC_1145,extra_small,dog,10,0
4742,Supplements,183000,169.44,1080,VC_1307,small,dog,7,0
4579,Medicine,205000,190.33,1077,VC_1144,large,cat,10,0
4232,Snack,208000,193.30,1076,VC_797,small,dog,3,1
4181,Housing,44000,40.91,1076,VC_746,extra_large,fish,8,1
4478,Housing,210000,195.98,1072,VC_1043,medium,dog,3,1
4747,Medicine,102000,95.59,1067,VC_1312,medium,cat,7,1
4924,Snack,121000,113.71,1064,VC_1489,small,dog,6,0
4847,Toys,116000,109.16,1063,VC_1412,medium,cat,1,1
4206,Supplements,174000,163.97,1061,VC_771,extra_large,bird,3,1
5046,Equipment,216000,204.04,1059,VC_1611,small,fish,7,1
4437,Supplements,127000,120.73,1052,VC_1002,small,cat,6,1
4890,Equipment,182000,173.07,1052,VC_1455,small,dog,6,0
5000,Toys,103000,98.28,1048,VC_1565,small,fish,6,0
4804,Snack,203000,193.74,1048,VC_1369,small,dog,7,1
4439,Accessory,102000,97.46,1047,VC_1004,large,cat,3,0
4387,Equipment,122000,117.20,1041,VC_952,small,cat,9,1
4184,Supplements,138000,133.68,1032,VC_749,large,dog,10,0
5020,Snack,226000,219.18,1031,VC_1585,small,fish,6,1
4503,Supplements,139000,134.84,1031,VC_1068,medium,cat,4,1
4312,Bedding,171000,166.78,1025,VC_877,small,dog,7,1
5036,Toys,200000,195.34,1024,VC_1601,small,fish,7,1
4554,Bedding,107000,104.75,1021,VC_1119,large,dog,10,0
5012,Toys,150000,146.86,1021,VC_1577,small,fish,6,0
4443,Clothes,225000,221.14,1017,VC_1008,medium,cat,1,1
4628,Snack,161000,158.44,1016,VC_1193,medium,dog,10,1
4873,Snack,224000,221.51,1011,VC_1438,medium,cat,6,0
4268,Bedding,163000,162.28,1004,VC_833,medium,dog,9,1
4986,Equipment,228000,227.18,1004,VC_1551,small,fish,6,0
4259,Toys,97000,96.77,1002,VC_824,large,fish,8,0
4972,Snack,85000,84.82,1002,VC_1537,small,fish,6,0
4396,Food,222000,222.51,998,VC_961,extra_large,dog,8,1
5019,Equipment,142000,142.62,996,VC_1584,medium,bird,6,1
4284,Grooming,202000,203.22,994,VC_849,large,bird,4,0
4909,Snack,210000,212.54,988,VC_1474,medium,cat,6,0
4488,Bedding,201000,203.48,988,VC_1053,medium,dog,8,0
4867,Snack,215000,217.74,987,VC_1432,medium,cat,6,0
4650,Snack,185000,188.23,983,VC_1215,extra_small,dog,10,1
4651,Equipment,156000,159.35,979,VC_1216,extra_large,cat,10,1
4566,Housing,127000,130.21,975,VC_1131,extra_large,dog,10,0
4236,Housing,193000,198.15,974,VC_801,extra_large,bird,7,0
5016,Equipment,159000,163.92,970,VC_1581,small,fish,6,1
4289,Clothes,160000,165.36,968,VC_854,large,fish,6,0
4416,Grooming,124000,128.41,966,VC_981,extra_large,dog,5,0
4190,Clothes,57000,59.10,964,VC_755,extra_small,dog,2,0
4464,Equipment,142000,147.64,962,VC_1029,large,dog,6,0
4849,Snack,161000,167.62,961,VC_1414,medium,cat,1,1
4305,Supplements,102000,106.54,957,VC_870,extra_small,cat,1,0
4985,Toys,84000,87.88,956,VC_1550,medium,bird,6,0
4595,Snack,117000,122.46,955,VC_1160,extra_small,cat,10,0
4298,Snack,211000,221.49,953,VC_863,medium,dog,9,0
4590,Medicine,113000,118.96,950,VC_1155,extra_small,dog,10,1
4727,Supplements,146000,154.00,948,VC_1292,medium,cat,10,1
4426,Supplements,228000,241.41,944,VC_991,extra_large,dog,8,0
4905,Equipment,177000,187.46,944,VC_1470,medium,cat,6,0
4296,Accessory,221000,234.65,942,VC_861,extra_large,bird,8,1
4383,Grooming,189000,200.72,942,VC_948,medium,cat,1,0
4582,Accessory,101000,107.67,938,VC_1147,small,dog,10,0
4403,Medicine,207000,220.95,937,VC_968,medium,cat,5,1
4429,Food,180000,192.24,936,VC_994,large,cat,10,0
4324,Housing,125000,133.86,934,VC_889,large,dog,4,0
4479,Toys,194000,207.91,933,VC_1044,large,cat,4,1
4517,Food,124000,133.35,930,VC_1082,small,cat,9,0
4996,Snack,209000,225.10,928,VC_1561,small,fish,6,0
4266,Equipment,224000,241.46,928,VC_831,extra_large,bird,5,0
4803,Equipment,226000,244.13,926,VC_1368,medium,cat,7,1
4959,Equipment,144000,155.87,924,VC_1524,medium,bird,6,0
4662,Equipment,148000,160.85,920,VC_1227,small,dog,10,1
4436,Medicine,71000,77.30,918,VC_1001,extra_large,dog,6,1
4859,Toys,220000,240.14,916,VC_1424,medium,cat,1,1
4221,Snack,110000,120.08,916,VC_786,extra_large,cat,1,0
4855,Snack,151000,165.33,913,VC_1420,medium,cat,1,1
5033,Toys,79000,86.58,912,VC_1598,medium,bird,6,1
4765,Medicine,149000,163.66,910,VC_1330,medium,cat,7,1
4542,Clothes,223000,245.52,908,VC_1107,small,dog,10,0
4386,Snack,197000,217.07,908,VC_951,extra_large,dog,9,0
4395,Accessory,173000,190.63,908,VC_960,extra_small,cat,3,0
4928,Toys,200000,220.43,907,VC_1493,small,dog,6,0
4278,Clothes,164000,181.10,906,VC_843,medium,bird,6,0
4353,Snack,39000,43.15,904,VC_918,medium,cat,3,1
4530,Equipment,139000,154.04,902,VC_1095,extra_small,dog,3,1
4845,Equipment,109000,121.07,900,VC_1410,medium,cat,1,1
4978,Snack,102000,113.89,896,VC_1543,small,fish,6,0
4836,Equipment,217000,242.85,894,VC_1401,small,dog,2,1
4708,Medicine,185000,207.39,892,VC_1273,small,dog,10,1
5043,Equipment,214000,241.37,887,VC_1608,medium,bird,7,1
4922,Toys,196000,221.42,885,VC_1487,small,dog,6,0
4263,Accessory,184000,208.32,883,VC_828,medium,cat,4,1
4947,Equipment,95000,107.68,882,VC_1512,medium,cat,6,0
4318,Accessory,36000,40.92,880,VC_883,medium,dog,7,1
4823,Toys,90000,102.88,875,VC_1388,medium,cat,2,1
4838,Toys,105000,121.10,867,VC_1403,small,dog,2,1
4365,Equipment,179000,207.27,864,VC_930,extra_small,cat,9,1
4848,Equipment,145000,168.19,862,VC_1413,small,dog,1,1
4269,Housing,183000,212.82,860,VC_834,large,cat,2,0
4764,Food,135000,157.65,856,VC_1329,small,dog,7,1
4735,Medicine,205000,240.07,854,VC_1300,medium,cat,7,0
5022,Equipment,212000,248.59,853,VC_1587,small,fish,6,1
4976,Toys,141000,166.01,849,VC_1541,small,fish,6,0
4526,Grooming,115000,135.59,848,VC_1091,extra_large,dog,6,1
4584,Snack,154000,183.22,841,VC_1149,large,dog,10,1
4737,Food,129000,153.62,840,VC_1302,medium,cat,7,0
4575,Clothes,74000,88.15,839,VC_1140,extra_small,cat,10,1
5050,Snack,150000,178.82,839,VC_1615,small,fish,7,1
4736,Supplements,131000,156.18,839,VC_1301,small,dog,7,1
4601,Medicine,172000,206.52,833,VC_1166,extra_large,cat,10,0
4784,Toys,148000,178.24,830,VC_1349,small,dog,7,1
4455,Bedding,198000,238.81,829,VC_1020,extra_small,cat,9,0
4494,Accessory,169000,205.69,822,VC_1059,large,dog,7,1
4230,Accessory,151000,183.92,821,VC_795,extra_small,bird,4,0
4963,Snack,129000,157.16,821,VC_1528,medium,bird,6,0
4655,Toys,47000,57.43,818,VC_1220,extra_small,cat,10,0
4730,Supplements,130000,159.25,816,VC_1295,small,dog,7,0
4212,Clothes,196000,240.34,816,VC_777,small,bird,6,1
4493,Grooming,147000,180.31,815,VC_1058,medium,cat,8,0
4423,Housing,179000,219.87,814,VC_988,medium,cat,4,1
4679,Supplements,203000,249.64,813,VC_1244,large,cat,10,1
4374,Food,132000,162.38,813,VC_939,large,dog,8,0
4753,Medicine,149000,183.85,810,VC_1318,medium,cat,7,1
4683,Food,177000,218.48,810,VC_1248,medium,cat,10,1
5021,Toys,196000,242.18,809,VC_1586,medium,bird,6,1
4535,Medicine,176000,218.72,805,VC_1100,extra_small,cat,10,1
4725,Food,195000,243.01,802,VC_1290,medium,cat,10,1
4334,Bedding,187000,233.28,802,VC_899,large,dog,3,1
4853,Toys,136000,170.26,799,VC_1418,medium,cat,1,1
4667,Medicine,172000,216.70,794,VC_1232,small,cat,10,0
4369,Toys,127000,163.40,777,VC_934,large,cat,8,0
4551,Snack,100000,128.76,777,VC_1116,extra_large,cat,10,0
4761,Food,111000,143.00,776,VC_1326,medium,cat,7,0
5023,Snack,160000,206.34,775,VC_1588,medium,bird,6,1
4766,Toys,191000,246.35,775,VC_1331,small,dog,7,1
4307,Accessory,184000,238.16,773,VC_872,small,fish,8,0
4287,Snack,130000,168.31,772,VC_852,small,cat,3,1
4839,Equipment,125000,162.14,771,VC_1404,medium,cat,1,1
4626,Accessory,177000,230.37,768,VC_1191,extra_large,dog,10,1
4337,Medicine,188000,245.49,766,VC_902,small,cat,4,1
4789,Snack,181000,237.13,763,VC_1354,medium,cat,7,0
4934,Toys,164000,215.20,762,VC_1499,small,dog,6,0
5004,Equipment,116000,152.91,759,VC_1569,small,fish,6,0
4695,Food,173000,228.63,757,VC_1260,extra_small,cat,10,1
4822,Snack,135000,179.62,752,VC_1387,small,dog,2,1
4425,Medicine,105000,139.75,751,VC_990,extra_small,cat,3,1
4762,Medicine,162000,216.06,750,VC_1327,small,dog,7,1
4323,Bedding,132000,176.59,747,VC_888,medium,cat,1,0
4562,Snack,153000,206.14,742,VC_1127,small,dog,10,0
4696,Medicine,155000,210.08,738,VC_1261,extra_large,dog,10,0
4871,Toys,42000,56.95,737,VC_1436,medium,cat,6,0
5041,Snack,179000,244.80,731,VC_1606,medium,bird,7,1
4673,Equipment,77000,105.39,731,VC_1238,medium,cat,10,1
4485,Snack,16000,21.92,730,VC_1050,extra_small,cat,2,0
4893,Equipment,101000,138.93,727,VC_1458,medium,cat,6,0
4712,Supplements,157000,216.32,726,VC_1277,small,dog,10,0
4693,Medicine,175000,241.25,725,VC_1258,medium,cat,10,1
5002,Snack,43000,59.41,724,VC_1567,small,fish,6,0
4783,Snack,162000,224.12,723,VC_1348,medium,cat,7,1
4558,Supplements,57000,78.91,722,VC_1123,medium,dog,10,0
5034,Equipment,161000,222.95,722,VC_1599,small,fish,7,1
4776,Equipment,170000,235.50,722,VC_1341,small,dog,7,1
5044,Snack,144000,201.94,713,VC_1609,small,fish,7,1
4467,Housing,169000,237.13,713,VC_1032,small,cat,2,0
4670,Accessory,78000,109.92,710,VC_1235,extra_small,dog,10,1
4260,Medicine,79000,111.90,706,VC_825,extra_small,bird,4,0
4979,Toys,76000,107.73,705,VC_1544,medium,bird,6,0
4900,Snack,168000,238.43,705,VC_1465,small,dog,6,0
4533,Housing,35000,49.91,701,VC_1098,medium,cat,7,1
4666,Toys,41000,58.51,701,VC_1231,extra_large,dog,10,0
4191,Bedding,160000,229.12,698,VC_756,extra_large,cat,6,1
4548,Grooming,138000,197.90,697,VC_1113,medium,dog,10,1
5025,Equipment,172000,246.68,697,VC_1590,medium,bird,6,1
4356,Bedding,114000,163.50,697,VC_921,extra_large,dog,1,1
4981,Snack,150000,215.55,696,VC_1546,medium,bird,6,0
4404,Supplements,57000,82.69,689,VC_969,large,dog,6,1
4889,Toys,127000,184.29,689,VC_1454,medium,cat,6,0
4687,Medicine,136000,199.26,683,VC_1252,small,cat,10,1
4806,Equipment,147000,215.74,681,VC_1371,small,dog,2,1
4763,Supplements,88000,129.52,679,VC_1328,medium,cat,7,0
4767,Equipment,154000,226.78,679,VC_1332,medium,cat,7,0
4688,Supplements,141000,207.96,678,VC_1253,medium,dog,10,1
4894,Snack,161000,238.07,676,VC_1459,small,dog,6,0
4433,Bedding,92000,136.06,676,VC_998,medium,cat,1,0
4682,Supplements,143000,212.55,673,VC_1247,small,dog,10,1
4937,Toys,75000,111.54,672,VC_1502,medium,cat,6,0
4233,Equipment,108000,160.74,672,VC_798,medium,cat,3,1
4173,Supplements,79000,117.96,670,VC_738,medium,cat,1,0
4612,Medicine,139000,207.87,669,VC_1177,small,dog,10,0
4883,Toys,167000,252.55,661,VC_1448,medium,cat,6,0
4840,Snack,150000,227.11,660,VC_1405,small,dog,1,1
4697,Supplements,116000,178.11,651,VC_1262,small,cat,10,0
5003,Toys,109000,167.47,651,VC_1568,medium,bird,6,0
4623,Medicine,74000,115.92,638,VC_1188,medium,cat,10,1
4802,Toys,66000,103.82,636,VC_1367,small,dog,7,1
4444,Bedding,102000,160.82,634,VC_1009,large,dog,6,1
4692,Food,119000,187.97,633,VC_1257,small,dog,10,0
4656,Medicine,115000,183.81,626,VC_1221,extra_large,dog,10,1
4301,Bedding,93000,148.93,624,VC_866,extra_large,fish,7,0
4525,Supplements,115000,186.03,618,VC_1090,extra_small,cat,5,0
4960,Snack,136000,220.42,617,VC_1525,small,fish,6,0
4968,Equipment,123000,199.50,617,VC_1533,small,fish,6,0
4820,Toys,132000,214.28,616,VC_1385,small,dog,2,1
4194,Medicine,103000,167.22,616,VC_759,large,bird,1,1
4431,Equipment,108000,175.82,614,VC_996,extra_large,cat,4,1
4257,Bedding,91000,148.41,613,VC_822,small,cat,10,1
4325,Toys,79000,129.00,612,VC_890,extra_small,cat,3,0
4810,Snack,102000,169.99,600,VC_1375,small,dog,2,1
4870,Snack,36000,60.00,600,VC_1435,small,dog,6,0
4821,Equipment,144000,241.08,597,VC_1386,medium,cat,2,1
4405,Grooming,106000,177.93,596,VC_970,extra_small,cat,2,1
5007,Equipment,77000,129.38,595,VC_1572,medium,bird,6,0
5047,Snack,94000,158.64,593,VC_1612,medium,bird,7,1
4385,Food,115000,195.12,589,VC_950,extra_small,cat,9,1
4930,Snack,37000,62.80,589,VC_1495,small,dog,6,0
4891,Snack,137000,235.61,581,VC_1456,medium,cat,6,0
4898,Toys,129000,222.01,581,VC_1463,small,dog,6,0
4251,Grooming,67000,116.05,577,VC_816,extra_large,cat,5,0
4373,Accessory,138000,239.56,576,VC_938,medium,cat,5,1
4813,Snack,53000,92.42,573,VC_1378,medium,cat,2,1
4955,Toys,84000,146.52,573,VC_1520,medium,cat,6,0
4331,Snack,92000,161.04,571,VC_896,extra_large,cat,2,0
4238,Medicine,141000,248.07,568,VC_803,medium,dog,10,1
5045,Toys,117000,210.07,557,VC_1610,medium,bird,7,1
4350,Grooming,60000,108.84,551,VC_915,extra_small,dog,2,0
4457,Toys,91000,165.14,551,VC_1022,small,cat,8,1
4856,Toys,79000,143.66,550,VC_1421,small,dog,1,1
4782,Equipment,117000,213.95,547,VC_1347,small,dog,7,0
4950,Equipment,117000,214.12,546,VC_1515,small,dog,6,0
4229,Grooming,76000,140.72,540,VC_794,large,fish,10,0
4546,Medicine,112000,207.45,540,VC_1111,extra_large,dog,10,1
5001,Equipment,110000,204.05,539,VC_1566,medium,bird,6,0
4989,Equipment,126000,234.17,538,VC_1554,medium,bird,6,0
4862,Toys,134000,249.70,537,VC_1427,small,dog,1,1
4906,Snack,86000,162.23,530,VC_1471,small,dog,6,0
4615,Accessory,131000,247.51,529,VC_1180,extra_small,cat,10,0
4292,Toys,111000,212.37,523,VC_857,small,dog,3,0
4814,Toys,86000,164.54,523,VC_1379,small,dog,2,1
4250,Supplements,68000,130.14,523,VC_815,extra_small,dog,2,1
4768,Snack,68000,130.47,521,VC_1333,small,dog,7,1
4658,Grooming,92000,177.15,519,VC_1223,medium,dog,10,1
4714,Medicine,120000,231.43,519,VC_1279,small,dog,10,1
4984,Snack,63000,121.94,517,VC_1549,small,fish,6,0
4808,Toys,118000,229.59,514,VC_1373,small,dog,2,1
4220,Food,101000,197.28,512,VC_785,extra_small,dog,2,1
4366,Clothes,124000,243.20,510,VC_931,extra_large,dog,7,1
4636,Grooming,116000,228.29,508,VC_1201,extra_large,dog,10,1
4864,Snack,83000,163.72,507,VC_1429,small,dog,6,1
4199,Snack,31000,61.32,506,VC_764,large,fish,9,1
4567,Toys,61000,120.95,504,VC_1132,small,cat,10,0
4811,Toys,121000,239.97,504,VC_1376,medium,cat,2,1
4351,Accessory,52000,103.25,504,VC_916,extra_large,cat,5,0
4534,Toys,99000,196.82,503,VC_1099,large,dog,10,1
4790,Toys,79000,159.13,496,VC_1355,small,dog,7,0
4317,Grooming,75000,151.28,496,VC_882,small,cat,8,0
4496,Snack,99000,200.00,495,VC_1061,extra_large,dog,10,1
4729,Medicine,123000,251.73,489,VC_1294,medium,cat,10,0
4833,Equipment,68000,139.39,488,VC_1398,medium,cat,2,1
4872,Equipment,83000,170.26,487,VC_1437,small,dog,6,0
4265,Snack,99000,203.67,486,VC_830,extra_small,fish,10,0
4677,Toys,83000,170.88,486,VC_1242,small,cat,10,1
4611,Toys,94000,194.74,483,VC_1176,extra_large,cat,10,1
4780,Snack,67000,140.30,478,VC_1345,small,dog,7,1
4841,Toys,78000,163.71,476,VC_1406,medium,cat,1,1
4359,Medicine,85000,178.79,475,VC_924,large,cat,3,1
4760,Supplements,71000,150.16,473,VC_1325,small,dog,7,0
4879,Snack,74000,156.81,472,VC_1444,medium,cat,6,0
4610,Housing,119000,252.32,472,VC_1175,extra_small,dog,10,0
4635,Supplements,51000,108.19,471,VC_1200,extra_small,cat,10,1
4718,Supplements,47000,99.78,471,VC_1283,small,dog,10,0
4641,Clothes,47000,100.10,470,VC_1206,extra_large,cat,10,0
4740,Food,116000,247.12,469,VC_1305,small,dog,7,0
4835,Toys,108000,233.68,462,VC_1400,medium,cat,2,1
4415,Supplements,25000,54.40,460,VC_980,extra_small,cat,9,1
4876,Snack,92000,201.59,456,VC_1441,small,dog,6,0
4380,Toys,79000,175.75,450,VC_945,extra_small,dog,8,0
4969,Snack,66000,147.81,447,VC_1534,medium,bird,6,0
5031,Equipment,42000,94.47,445,VC_1596,medium,bird,6,1
4394,Grooming,21000,47.32,444,VC_959,large,dog,6,1
4713,Food,49000,110.76,442,VC_1278,medium,cat,10,1
4884,Equipment,44000,100.04,440,VC_1449,small,dog,6,0
4588,Housing,93000,211.47,440,VC_1153,medium,dog,10,1
5039,Toys,29000,66.88,434,VC_1604,medium,bird,7,1
4707,Food,38000,87.80,433,VC_1272,medium,cat,10,0
4508,Equipment,70000,162.11,432,VC_1073,medium,dog,8,0
4401,Housing,100000,232.61,430,VC_966,extra_large,cat,9,0
4866,Equipment,99000,230.82,429,VC_1431,small,dog,6,1
4868,Toys,73000,170.50,428,VC_1433,small,dog,6,0
4227,Medicine,81000,189.25,428,VC_792,small,cat,7,0
4290,Bedding,72000,168.60,427,VC_855,extra_small,bird,1,0
4738,Medicine,41000,96.08,427,VC_1303,small,dog,7,0
4791,Equipment,82000,192.28,426,VC_1356,medium,cat,7,1
4445,Housing,100000,235.16,425,VC_1010,extra_small,cat,7,1
4629,Equipment,77000,181.44,424,VC_1194,large,cat,10,1
4796,Toys,80000,188.84,424,VC_1361,small,dog,7,1
4710,Food,41000,97.82,419,VC_1275,small,dog,10,1
4424,Toys,87000,208.06,418,VC_989,large,dog,7,0
5049,Equipment,74000,178.39,415,VC_1614,medium,bird,7,1
4188,Snack,61000,147.94,412,VC_753,medium,bird,7,1
4515,Grooming,87000,211.22,412,VC_1080,extra_small,cat,4,0
4719,Food,85000,206.64,411,VC_1284,medium,cat,10,0
4572,Food,49000,119.17,411,VC_1137,small,dog,10,1
4854,Equipment,54000,131.34,411,VC_1419,small,dog,1,1
4241,Accessory,81000,197.73,410,VC_806,extra_large,fish,4,0
4391,Toys,95000,232.47,409,VC_956,extra_large,cat,5,1
4417,Accessory,68000,166.89,407,VC_982,small,cat,4,0
4665,Housing,38000,93.38,407,VC_1230,extra_small,cat,10,1
4462,Food,27000,66.51,406,VC_1027,small,dog,3,1
4807,Snack,76000,188.07,404,VC_1372,medium,cat,2,1
4903,Snack,63000,157.04,401,VC_1468,medium,cat,6,0
4717,Medicine,78000,194.62,401,VC_1282,medium,cat,10,1
4179,Clothes,93000,233.23,399,VC_744,large,cat,3,0
4239,Supplements,93000,233.42,398,VC_804,large,cat,3,1
4360,Supplements,50000,127.11,393,VC_925,extra_small,dog,10,0
4901,Toys,46000,117.58,391,VC_1466,medium,cat,6,0
5048,Toys,66000,168.86,391,VC_1613,small,fish,7,1
4887,Equipment,80000,205.92,389,VC_1452,medium,cat,6,0
4869,Equipment,77000,199.65,386,VC_1434,medium,cat,6,0
4435,Toys,34000,89.12,382,VC_1000,extra_small,cat,4,0
4630,Clothes,92000,252.69,364,VC_1195,extra_small,dog,10,0
4458,Medicine,34000,93.60,363,VC_1023,medium,dog,3,1
4262,Grooming,90000,247.90,363,VC_827,small,dog,6,1
4499,Bedding,40000,110.73,361,VC_1064,large,cat,4,0
4596,Equipment,65000,180.83,359,VC_1161,extra_large,dog,10,1
4378,Bedding,54000,152.20,355,VC_943,medium,dog,10,1
4176,Food,42000,119.34,352,VC_741,extra_large,bird,1,0
4456,Housing,61000,178.91,341,VC_1021,extra_large,dog,6,1
4832,Toys,50000,148.86,336,VC_1397,small,dog,2,1
4758,Food,76000,229.02,332,VC_1323,small,dog,7,1
4772,Toys,57000,171.95,331,VC_1337,small,dog,7,1
4253,Food,71000,216.03,329,VC_818,medium,fish,6,1
4605,Food,76000,231.82,328,VC_1170,extra_small,cat,10,0
4330,Food,33000,100.80,327,VC_895,extra_small,dog,4,0
4532,Bedding,67000,204.96,327,VC_1097,small,dog,3,0
4316,Supplements,22000,67.57,326,VC_881,extra_large,dog,6,1
4918,Snack,81000,248.94,325,VC_1483,small,dog,6,0
4669,Grooming,78000,242.35,322,VC_1234,large,cat,10,1
4509,Clothes,55000,171.28,321,VC_1074,large,cat,3,1
4346,Housing,22000,68.67,320,VC_911,extra_large,dog,8,0
4657,Supplements,62000,196.72,315,VC_1222,small,cat,10,0
4850,Toys,54000,171.85,314,VC_1415,small,dog,1,1
4333,Clothes,40000,127.49,314,VC_898,medium,cat,10,1
4313,Housing,45000,143.53,314,VC_878,medium,cat,8,0
4377,Clothes,66000,218.61,302,VC_942,small,cat,8,1
4988,Toys,65000,215.31,302,VC_1553,small,fish,6,0
4523,Toys,64000,215.46,297,VC_1088,medium,cat,8,0
4357,Housing,31000,104.73,296,VC_922,small,cat,3,1
4680,Food,52000,176.49,295,VC_1245,extra_small,dog,10,0
4746,Food,42000,143.58,293,VC_1311,small,dog,7,1
4481,Supplements,56000,192.53,291,VC_1046,extra_large,cat,8,1
4882,Snack,49000,168.47,291,VC_1447,small,dog,6,0
4935,Equipment,19000,65.51,290,VC_1500,medium,cat,6,0
4685,Supplements,73000,251.74,290,VC_1250,extra_small,cat,10,1
4592,Grooming,34000,118.24,288,VC_1157,small,dog,10,0
4993,Snack,29000,100.87,287,VC_1558,medium,bird,6,0
4449,Grooming,38000,132.74,286,VC_1014,large,cat,5,0
4364,Snack,69000,241.27,286,VC_929,large,dog,1,1
4957,Snack,35000,122.41,286,VC_1522,medium,cat,6,0
4419,Snack,64000,224.73,285,VC_984,large,cat,5,1
4371,Supplements,68000,239.45,284,VC_936,extra_large,cat,10,0
4480,Medicine,48000,169.39,283,VC_1045,extra_small,dog,5,1
4376,Equipment,50000,176.49,283,VC_941,extra_large,dog,8,0
4941,Equipment,65000,231.96,280,VC_1506,medium,cat,6,0
4631,Bedding,54000,192.93,280,VC_1196,extra_large,cat,10,1
4690,Medicine,36000,129.05,279,VC_1255,extra_small,dog,10,0
4463,Snack,18000,65.43,275,VC_1028,medium,cat,1,0
4344,Clothes,33000,121.08,273,VC_909,large,dog,5,0
4995,Equipment,25000,93.11,268,VC_1560,medium,bird,6,0
4381,Medicine,26000,98.75,263,VC_946,extra_large,cat,8,1
4642,Bedding,36000,138.11,261,VC_1207,small,dog,10,1
4971,Equipment,48000,185.96,258,VC_1536,medium,bird,6,0
4556,Toys,52000,201.55,258,VC_1121,extra_large,dog,10,0
4964,Toys,56000,219.87,255,VC_1529,small,fish,6,0
4880,Toys,11000,43.86,251,VC_1445,small,dog,6,0
4728,Food,37000,148.64,249,VC_1293,small,dog,10,1
4557,Medicine,46000,184.82,249,VC_1122,small,cat,10,0
4589,Toys,57000,232.70,245,VC_1154,large,cat,10,1
4646,Supplements,26000,106.24,245,VC_1211,extra_large,dog,10,0
4946,Toys,47000,192.65,244,VC_1511,small,dog,6,0
4904,Toys,41000,173.58,236,VC_1469,small,dog,6,0
4933,Snack,49000,211.32,232,VC_1498,medium,cat,6,0
4674,Clothes,49000,211.86,231,VC_1239,large,dog,10,0
4501,Toys,21000,93.28,225,VC_1066,extra_large,cat,4,1
4919,Toys,16000,71.27,224,VC_1484,medium,cat,6,0
4878,Equipment,9000,40.21,224,VC_1443,small,dog,6,0
4817,Toys,40000,180.57,222,VC_1382,medium,cat,2,1
4634,Medicine,49000,221.77,221,VC_1199,large,dog,10,0
4308,Food,42000,192.32,218,VC_873,medium,bird,10,0
4454,Clothes,42000,192.57,218,VC_1019,large,dog,9,1
4513,Medicine,42000,195.61,215,VC_1078,medium,cat,9,1
4468,Toys,52000,247.83,210,VC_1033,medium,dog,7,1
4805,Toys,25000,119.38,209,VC_1370,medium,cat,2,1
4193,Toys,51000,244.39,209,VC_758,medium,fish,6,1
4681,Medicine,20000,98.18,204,VC_1246,extra_large,cat,10,0
4732,Medicine,39000,194.40,201,VC_1297,small,dog,7,0
4812,Equipment,49000,244.41,200,VC_1377,small,dog,2,1
4815,Equipment,18000,93.31,193,VC_1380,medium,cat,2,1
4908,Equipment,46000,243.63,189,VC_1473,small,dog,6,0
4952,Toys,20000,107.11,187,VC_1517,small,dog,6,0
4694,Supplements,13000,69.65,187,VC_1259,large,dog,10,1
4672,Snack,29000,155.51,186,VC_1237,small,dog,10,0
4999,Snack,27000,146.93,184,VC_1564,medium,bird,6,0
4691,Supplements,44000,241.92,182,VC_1256,extra_large,cat,10,0
4647,Grooming,22000,121.50,181,VC_1212,small,cat,10,1
4555,Housing,26000,148.46,175,VC_1120,extra_small,cat,10,0
4834,Snack,38000,217.63,175,VC_1399,small,dog,2,1
4547,Supplements,25000,144.56,173,VC_1112,small,cat,10,1
4664,Bedding,34000,199.15,171,VC_1229,large,dog,10,1
4573,Snack,27000,158.86,170,VC_1138,medium,cat,10,0
5038,Snack,14000,82.85,169,VC_1603,small,fish,7,1
4244,Equipment,31000,187.66,165,VC_809,large,dog,6,1
4516,Accessory,16000,97.44,164,VC_1081,extra_large,dog,6,0
4910,Toys,40000,245.71,163,VC_1475,small,dog,6,0
4563,Equipment,25000,154.30,162,VC_1128,medium,cat,10,0
4487,Clothes,38000,237.99,160,VC_1052,small,cat,4,0
4275,Food,25000,158.76,157,VC_840,extra_small,cat,4,1
4722,Food,21000,133.43,157,VC_1287,small,dog,10,1
4506,Food,13000,86.79,150,VC_1071,extra_large,dog,9,1
4552,Equipment,29000,199.77,145,VC_1117,small,dog,10,1
4992,Equipment,12000,82.90,145,VC_1557,small,fish,6,0
4598,Bedding,10000,70.07,143,VC_1163,medium,dog,10,1
4857,Equipment,25000,176.25,142,VC_1422,medium,cat,1,1
4831,Snack,30000,212.19,141,VC_1396,medium,cat,2,1
4413,Toys,18000,129.02,140,VC_978,medium,cat,9,0
4818,Equipment,30000,219.69,137,VC_1383,small,dog,2,1
4382,Supplements,25000,185.08,135,VC_947,small,dog,9,0
4881,Equipment,20000,148.73,134,VC_1446,medium,cat,6,0
4211,Equipment,27000,201.15,134,VC_776,extra_large,fish,10,1
4660,Food,18000,137.96,130,VC_1225,extra_small,dog,10,1
4412,Housing,13000,99.66,130,VC_977,small,dog,1,0
4967,Toys,31000,239.06,130,VC_1532,medium,bird,6,0
4926,Equipment,31000,244.34,127,VC_1491,small,dog,6,0
4539,Food,12000,97.20,123,VC_1104,large,cat,9,0
4825,Snack,23000,189.28,122,VC_1390,medium,cat,2,1
4302,Housing,27000,222.26,121,VC_867,small,bird,9,1
4560,Accessory,29000,245.15,118,VC_1125,extra_small,dog,10,1
4757,Supplements,12000,105.36,114,VC_1322,medium,cat,7,1
4640,Equipment,21000,184.70,114,VC_1205,extra_small,dog,10,1
4393,Supplements,16000,140.83,114,VC_958,medium,cat,5,0
4773,Equipment,27000,239.46,113,VC_1338,medium,cat,7,0
4769,Toys,18000,163.76,110,VC_1334,medium,cat,7,1
4945,Snack,21000,192.71,109,VC_1510,medium,cat,6,0
4379,Housing,25000,234.35,107,VC_944,large,cat,6,0
4577,Housing,14000,132.21,106,VC_1142,small,cat,10,0
4643,Housing,26000,246.14,106,VC_1208,medium,cat,10,0
4550,Food,15000,146.70,102,VC_1115,extra_small,dog,10,0
4701,Food,14000,140.93,99,VC_1266,extra_large,cat,10,1
4600,Toys,17000,173.36,98,VC_1165,extra_small,dog,10,0
4886,Toys,11000,113.74,97,VC_1451,small,dog,6,0
4923,Equipment,22000,228.45,96,VC_1488,medium,cat,6,0
4965,Equipment,10000,104.23,96,VC_1530,medium,bird,6,0
4606,Snack,20000,214.04,93,VC_1171,extra_large,dog,10,0
4720,Medicine,19000,206.88,92,VC_1285,small,dog,10,0
4248,Toys,18000,198.03,91,VC_813,medium,bird,1,1
4327,Supplements,4000,46.49,86,VC_892,small,cat,9,1
4622,Toys,21000,247.16,85,VC_1187,small,dog,10,0
4846,Snack,5000,58.90,85,VC_1411,small,dog,1,1
4224,Bedding,12000,142.45,84,VC_789,large,bird,1,1
4336,Toys,6000,72.55,83,VC_901,extra_large,dog,2,1
4441,Snack,15000,182.39,82,VC_1006,extra_large,cat,8,1
4314,Toys,9000,114.96,78,VC_879,large,dog,6,0
4521,Bedding,11000,140.61,78,VC_1086,extra_large,cat,6,0
4277,Equipment,8000,104.51,77,VC_842,small,fish,8,0
4283,Supplements,14000,208.87,67,VC_848,medium,fish,9,0
4226,Toys,11000,166.24,66,VC_791,extra_large,dog,3,0
4492,Supplements,10000,163.70,61,VC_1057,small,dog,7,1
4734,Food,14000,229.48,61,VC_1299,small,dog,7,1
4787,Toys,10000,165.49,60,VC_1352,medium,cat,7,1
4921,Snack,12000,205.49,58,VC_1486,medium,cat,6,0
4187,Food,6000,108.34,55,VC_752,small,fish,5,0
4347,Toys,13000,235.00,55,VC_912,small,cat,10,1
4320,Snack,5000,94.51,53,VC_885,extra_small,dog,8,0
5006,Toys,9000,177.79,51,VC_1571,small,fish,6,0
4649,Food,3000,61.32,49,VC_1214,large,cat,10,1
4632,Housing,9000,215.15,42,VC_1197,small,dog,10,0
5028,Equipment,8000,208.31,38,VC_1593,small,fish,6,1
4671,Food,8000,233.47,34,VC_1236,extra_large,cat,10,1
5011,Snack,7000,231.67,30,VC_1576,medium,bird,6,0
4326,Medicine,5000,203.87,25,VC_891,extra_large,dog,3,1
4896,Equipment,5000,223.35,22,VC_1461,small,dog,6,0
4633,Toys,5000,228.60,22,VC_1198,medium,cat,10,1
4704,Food,5000,247.25,20,VC_1269,large,dog,10,0
4597,Clothes,4000,197.83,20,VC_1162,small,cat,10,0
4363,Food,3000,148.45,20,VC_928,medium,cat,7,0
4741,Medicine,3000,155.14,19,VC_1306,medium,cat,7,0
4944,Equipment,3000,174.51,17,VC_1509,small,dog,6,0
4358,Toys,3000,232.93,13,VC_923,medium,dog,6,0